ident,domain,phylum,class,order,family,genus,species
GCF_012030025.1,d__Bacteria,p__Proteobacteria,c__Gammaproteobacteria,o__Enterobacterales,f__Shewanellaceae,g__Shewanella,s__Shewanella algae
GCF_900457125.1,d__Bacteria,p__Proteobacteria,c__Gammaproteobacteria,o__Enterobacterales,f__Shewanellaceae,g__Shewanella,s__Shewanella algae
GCF_003025175.1,d__Bacteria,p__Proteobacteria,c__Gammaproteobacteria,o__Enterobacterales,f__Shewanellaceae,g__Shewanella,s__Shewanella algae
GCF_009183365.1,d__Bacteria,p__Proteobacteria,c__Gammaproteobacteria,o__Enterobacterales,f__Shewanellaceae,g__Shewanella,s__Shewanella algae
GCF_014444625.1,d__Bacteria,p__Proteobacteria,c__Gammaproteobacteria,o__Enterobacterales,f__Shewanellaceae,g__Shewanella,s__Shewanella algae
GCF_002318995.1,d__Bacteria,p__Proteobacteria,c__Gammaproteobacteria,o__Enterobacterales,f__Shewanellaceae,g__Shewanella,s__Shewanella algae
GCF_003721455.1,d__Bacteria,p__Proteobacteria,c__Gammaproteobacteria,o__Enterobacterales,f__Shewanellaceae,g__Shewanella,s__Shewanella algae
GCF_002836995.1,d__Bacteria,p__Proteobacteria,c__Gammaproteobacteria,o__Enterobacterales,f__Shewanellaceae,g__Shewanella,s__Shewanella algae
GCF_007636355.1,d__Bacteria,p__Proteobacteria,c__Gammaproteobacteria,o__Enterobacterales,f__Shewanellaceae,g__Shewanella,s__Shewanella algae
GCF_009846595.1,d__Bacteria,p__Proteobacteria,c__Gammaproteobacteria,o__Enterobacterales,f__Shewanellaceae,g__Shewanella,s__Shewanella algae
GCF_012396675.1,d__Bacteria,p__Proteobacteria,c__Gammaproteobacteria,o__Enterobacterales,f__Shewanellaceae,g__Shewanella,s__Shewanella algae
GCF_008119825.1,d__Bacteria,p__Proteobacteria,c__Gammaproteobacteria,o__Enterobacterales,f__Shewanellaceae,g__Shewanella,s__Shewanella algae
GCF_000518445.1,d__Bacteria,p__Proteobacteria,c__Gammaproteobacteria,o__Enterobacterales,f__Shewanellaceae,g__Shewanella,s__Shewanella algae
GCF_000947195.1,d__Bacteria,p__Proteobacteria,c__Gammaproteobacteria,o__Enterobacterales,f__Shewanellaceae,g__Shewanella,s__Shewanella algae
GCF_007595165.1,d__Bacteria,p__Proteobacteria,c__Gammaproteobacteria,o__Enterobacterales,f__Shewanellaceae,g__Shewanella,s__Shewanella algae
GCF_009730655.1,d__Bacteria,p__Proteobacteria,c__Gammaproteobacteria,o__Enterobacterales,f__Shewanellaceae,g__Shewanella,s__Shewanella algae
GCF_003124085.1,d__Bacteria,p__Proteobacteria,c__Gammaproteobacteria,o__Enterobacterales,f__Shewanellaceae,g__Shewanella,s__Shewanella algae
GCF_007636365.1,d__Bacteria,p__Proteobacteria,c__Gammaproteobacteria,o__Enterobacterales,f__Shewanellaceae,g__Shewanella,s__Shewanella algae
GCF_007595175.1,d__Bacteria,p__Proteobacteria,c__Gammaproteobacteria,o__Enterobacterales,f__Shewanellaceae,g__Shewanella,s__Shewanella algae
GCF_007595205.1,d__Bacteria,p__Proteobacteria,c__Gammaproteobacteria,o__Enterobacterales,f__Shewanellaceae,g__Shewanella,s__Shewanella algae
GCF_003024575.1,d__Bacteria,p__Proteobacteria,c__Gammaproteobacteria,o__Enterobacterales,f__Shewanellaceae,g__Shewanella,s__Shewanella algae
GCF_003024535.1,d__Bacteria,p__Proteobacteria,c__Gammaproteobacteria,o__Enterobacterales,f__Shewanellaceae,g__Shewanella,s__Shewanella algae
GCA_001310535.1,d__Bacteria,p__Proteobacteria,c__Gammaproteobacteria,o__Enterobacterales,f__Shewanellaceae,g__Shewanella,s__Shewanella algae
GCF_007636455.1,d__Bacteria,p__Proteobacteria,c__Gammaproteobacteria,o__Enterobacterales,f__Shewanellaceae,g__Shewanella,s__Shewanella algae
GCF_001858195.1,d__Bacteria,p__Proteobacteria,c__Gammaproteobacteria,o__Enterobacterales,f__Shewanellaceae,g__Shewanella,s__Shewanella algae
GCF_000614935.1,d__Bacteria,p__Proteobacteria,c__Gammaproteobacteria,o__Enterobacterales,f__Shewanellaceae,g__Shewanella,s__Shewanella algae
GCF_007595095.1,d__Bacteria,p__Proteobacteria,c__Gammaproteobacteria,o__Enterobacterales,f__Shewanellaceae,g__Shewanella,s__Shewanella algae
GCF_007636495.1,d__Bacteria,p__Proteobacteria,c__Gammaproteobacteria,o__Enterobacterales,f__Shewanellaceae,g__Shewanella,s__Shewanella algae
GCF_000956365.1,d__Bacteria,p__Proteobacteria,c__Gammaproteobacteria,o__Enterobacterales,f__Shewanellaceae,g__Shewanella,s__Shewanella algae
GCF_000615045.1,d__Bacteria,p__Proteobacteria,c__Gammaproteobacteria,o__Enterobacterales,f__Shewanellaceae,g__Shewanella,s__Shewanella algae
GCF_003427415.1,d__Bacteria,p__Proteobacteria,c__Gammaproteobacteria,o__Enterobacterales,f__Shewanellaceae,g__Shewanella,s__Shewanella algae
GCF_007595325.1,d__Bacteria,p__Proteobacteria,c__Gammaproteobacteria,o__Enterobacterales,f__Shewanellaceae,g__Shewanella,s__Shewanella algae
GCF_007595085.1,d__Bacteria,p__Proteobacteria,c__Gammaproteobacteria,o__Enterobacterales,f__Shewanellaceae,g__Shewanella,s__Shewanella algae
GCF_007844895.1,d__Bacteria,p__Proteobacteria,c__Gammaproteobacteria,o__Enterobacterales,f__Shewanellaceae,g__Shewanella,s__Shewanella algae
GCF_014263185.1,d__Bacteria,p__Proteobacteria,c__Gammaproteobacteria,o__Enterobacterales,f__Shewanellaceae,g__Shewanella,s__Shewanella algae
GCF_007595375.1,d__Bacteria,p__Proteobacteria,c__Gammaproteobacteria,o__Enterobacterales,f__Shewanellaceae,g__Shewanella,s__Shewanella algae
GCF_007636395.1,d__Bacteria,p__Proteobacteria,c__Gammaproteobacteria,o__Enterobacterales,f__Shewanellaceae,g__Shewanella,s__Shewanella algae
GCF_001598875.1,d__Bacteria,p__Proteobacteria,c__Gammaproteobacteria,o__Enterobacterales,f__Shewanellaceae,g__Shewanella,s__Shewanella algae
GCF_002237105.1,d__Bacteria,p__Proteobacteria,c__Gammaproteobacteria,o__Enterobacterales,f__Shewanellaceae,g__Shewanella,s__Shewanella algae
GCF_007860205.1,d__Bacteria,p__Proteobacteria,c__Gammaproteobacteria,o__Enterobacterales,f__Shewanellaceae,g__Shewanella,s__Shewanella algae
GCF_007595215.1,d__Bacteria,p__Proteobacteria,c__Gammaproteobacteria,o__Enterobacterales,f__Shewanellaceae,g__Shewanella,s__Shewanella algae
GCF_007595365.1,d__Bacteria,p__Proteobacteria,c__Gammaproteobacteria,o__Enterobacterales,f__Shewanellaceae,g__Shewanella,s__Shewanella algae
GCF_007636415.1,d__Bacteria,p__Proteobacteria,c__Gammaproteobacteria,o__Enterobacterales,f__Shewanellaceae,g__Shewanella,s__Shewanella algae
GCF_007595405.1,d__Bacteria,p__Proteobacteria,c__Gammaproteobacteria,o__Enterobacterales,f__Shewanellaceae,g__Shewanella,s__Shewanella algae
GCF_012490605.1,d__Bacteria,p__Proteobacteria,c__Gammaproteobacteria,o__Enterobacterales,f__Shewanellaceae,g__Shewanella,s__Shewanella xiamenensis
GCA_003241225.1,d__Bacteria,p__Proteobacteria,c__Gammaproteobacteria,o__Enterobacterales,f__Shewanellaceae,g__Shewanella,s__Shewanella xiamenensis
GCF_012490345.1,d__Bacteria,p__Proteobacteria,c__Gammaproteobacteria,o__Enterobacterales,f__Shewanellaceae,g__Shewanella,s__Shewanella xiamenensis
GCF_012490465.1,d__Bacteria,p__Proteobacteria,c__Gammaproteobacteria,o__Enterobacterales,f__Shewanellaceae,g__Shewanella,s__Shewanella xiamenensis
GCF_007595285.1,d__Bacteria,p__Proteobacteria,c__Gammaproteobacteria,o__Enterobacterales,f__Shewanellaceae,g__Shewanella,s__Shewanella xiamenensis
GCF_012843185.1,d__Bacteria,p__Proteobacteria,c__Gammaproteobacteria,o__Enterobacterales,f__Shewanellaceae,g__Shewanella,s__Shewanella xiamenensis
GCF_002738015.1,d__Bacteria,p__Proteobacteria,c__Gammaproteobacteria,o__Enterobacterales,f__Shewanellaceae,g__Shewanella,s__Shewanella xiamenensis
GCF_007595225.1,d__Bacteria,p__Proteobacteria,c__Gammaproteobacteria,o__Enterobacterales,f__Shewanellaceae,g__Shewanella,s__Shewanella xiamenensis
GCF_007595265.1,d__Bacteria,p__Proteobacteria,c__Gammaproteobacteria,o__Enterobacterales,f__Shewanellaceae,g__Shewanella,s__Shewanella xiamenensis
GCF_001308045.1,d__Bacteria,p__Proteobacteria,c__Gammaproteobacteria,o__Enterobacterales,f__Shewanellaceae,g__Shewanella,s__Shewanella xiamenensis
GCF_000282755.1,d__Bacteria,p__Proteobacteria,c__Gammaproteobacteria,o__Enterobacterales,f__Shewanellaceae,g__Shewanella,s__Shewanella xiamenensis
GCF_006385775.1,d__Bacteria,p__Proteobacteria,c__Gammaproteobacteria,o__Enterobacterales,f__Shewanellaceae,g__Shewanella,s__Shewanella xiamenensis
GCF_013307415.1,d__Bacteria,p__Proteobacteria,c__Gammaproteobacteria,o__Enterobacterales,f__Shewanellaceae,g__Shewanella,s__Shewanella xiamenensis
GCF_007595335.1,d__Bacteria,p__Proteobacteria,c__Gammaproteobacteria,o__Enterobacterales,f__Shewanellaceae,g__Shewanella,s__Shewanella xiamenensis
GCF_000712635.2,d__Bacteria,p__Proteobacteria,c__Gammaproteobacteria,o__Enterobacterales,f__Shewanellaceae,g__Shewanella,s__Shewanella xiamenensis
GCF_000798835.1,d__Bacteria,p__Proteobacteria,c__Gammaproteobacteria,o__Enterobacterales,f__Shewanellaceae,g__Shewanella,s__Shewanella xiamenensis
GCF_007595275.1,d__Bacteria,p__Proteobacteria,c__Gammaproteobacteria,o__Enterobacterales,f__Shewanellaceae,g__Shewanella,s__Shewanella xiamenensis
GCF_001723195.1,d__Bacteria,p__Proteobacteria,c__Gammaproteobacteria,o__Enterobacterales,f__Shewanellaceae,g__Shewanella,s__Shewanella xiamenensis
GCF_002209245.2,d__Bacteria,p__Proteobacteria,c__Gammaproteobacteria,o__Enterobacterales,f__Shewanellaceae,g__Shewanella,s__Shewanella xiamenensis
GCF_002074855.1,d__Bacteria,p__Proteobacteria,c__Gammaproteobacteria,o__Enterobacterales,f__Shewanellaceae,g__Shewanella,s__Shewanella xiamenensis
GCF_006385735.1,d__Bacteria,p__Proteobacteria,c__Gammaproteobacteria,o__Enterobacterales,f__Shewanellaceae,g__Shewanella,s__Shewanella xiamenensis
GCF_003130545.1,d__Bacteria,p__Proteobacteria,c__Gammaproteobacteria,o__Enterobacterales,f__Shewanellaceae,g__Shewanella,s__Shewanella xiamenensis
GCF_007636465.1,d__Bacteria,p__Proteobacteria,c__Gammaproteobacteria,o__Enterobacterales,f__Shewanellaceae,g__Shewanella,s__Shewanella xiamenensis
GCA_014647135.1,d__Bacteria,p__Proteobacteria,c__Gammaproteobacteria,o__Enterobacterales,f__Shewanellaceae,g__Shewanella,s__Shewanella xiamenensis
GCA_009993825.1,d__Bacteria,p__Proteobacteria,c__Gammaproteobacteria,o__Enterobacterales,f__Shewanellaceae,g__Shewanella,s__Shewanella vesiculosa
GCA_009994185.1,d__Bacteria,p__Proteobacteria,c__Gammaproteobacteria,o__Enterobacterales,f__Shewanellaceae,g__Shewanella,s__Shewanella vesiculosa
GCA_009994445.1,d__Bacteria,p__Proteobacteria,c__Gammaproteobacteria,o__Enterobacterales,f__Shewanellaceae,g__Shewanella,s__Shewanella vesiculosa
GCF_014164545.1,d__Bacteria,p__Proteobacteria,c__Gammaproteobacteria,o__Enterobacterales,f__Shewanellaceae,g__Shewanella,s__Shewanella vesiculosa
GCA_009993915.1,d__Bacteria,p__Proteobacteria,c__Gammaproteobacteria,o__Enterobacterales,f__Shewanellaceae,g__Shewanella,s__Shewanella vesiculosa
GCA_002770875.1,d__Bacteria,p__Proteobacteria,c__Gammaproteobacteria,o__Enterobacterales,f__Shewanellaceae,g__Shewanella,s__Shewanella vesiculosa
GCA_009994365.1,d__Bacteria,p__Proteobacteria,c__Gammaproteobacteria,o__Enterobacterales,f__Shewanellaceae,g__Shewanella,s__Shewanella vesiculosa
GCF_014163845.1,d__Bacteria,p__Proteobacteria,c__Gammaproteobacteria,o__Enterobacterales,f__Shewanellaceae,g__Shewanella,s__Shewanella vesiculosa
GCF_014164185.1,d__Bacteria,p__Proteobacteria,c__Gammaproteobacteria,o__Enterobacterales,f__Shewanellaceae,g__Shewanella,s__Shewanella vesiculosa
GCF_003797885.1,d__Bacteria,p__Proteobacteria,c__Gammaproteobacteria,o__Enterobacterales,f__Shewanellaceae,g__Shewanella,s__Shewanella vesiculosa
GCA_002783895.1,d__Bacteria,p__Proteobacteria,c__Gammaproteobacteria,o__Enterobacterales,f__Shewanellaceae,g__Shewanella,s__Shewanella vesiculosa
GCA_002789495.1,d__Bacteria,p__Proteobacteria,c__Gammaproteobacteria,o__Enterobacterales,f__Shewanellaceae,g__Shewanella,s__Shewanella vesiculosa
GCA_009994065.1,d__Bacteria,p__Proteobacteria,c__Gammaproteobacteria,o__Enterobacterales,f__Shewanellaceae,g__Shewanella,s__Shewanella vesiculosa
GCF_014163775.1,d__Bacteria,p__Proteobacteria,c__Gammaproteobacteria,o__Enterobacterales,f__Shewanellaceae,g__Shewanella,s__Shewanella vesiculosa
GCA_009993165.1,d__Bacteria,p__Proteobacteria,c__Gammaproteobacteria,o__Enterobacterales,f__Shewanellaceae,g__Shewanella,s__Shewanella vesiculosa
GCA_002784445.1,d__Bacteria,p__Proteobacteria,c__Gammaproteobacteria,o__Enterobacterales,f__Shewanellaceae,g__Shewanella,s__Shewanella vesiculosa
GCA_009994665.1,d__Bacteria,p__Proteobacteria,c__Gammaproteobacteria,o__Enterobacterales,f__Shewanellaceae,g__Shewanella,s__Shewanella vesiculosa
GCF_000021665.1,d__Bacteria,p__Proteobacteria,c__Gammaproteobacteria,o__Enterobacterales,f__Shewanellaceae,g__Shewanella,s__Shewanella baltica
GCF_001887095.2,d__Bacteria,p__Proteobacteria,c__Gammaproteobacteria,o__Enterobacterales,f__Shewanellaceae,g__Shewanella,s__Shewanella baltica
GCA_003516645.1,d__Bacteria,p__Proteobacteria,c__Gammaproteobacteria,o__Enterobacterales,f__Shewanellaceae,g__Shewanella,s__Shewanella baltica
GCF_000179535.2,d__Bacteria,p__Proteobacteria,c__Gammaproteobacteria,o__Enterobacterales,f__Shewanellaceae,g__Shewanella,s__Shewanella baltica
GCF_003052765.1,d__Bacteria,p__Proteobacteria,c__Gammaproteobacteria,o__Enterobacterales,f__Shewanellaceae,g__Shewanella,s__Shewanella baltica
GCF_000231345.1,d__Bacteria,p__Proteobacteria,c__Gammaproteobacteria,o__Enterobacterales,f__Shewanellaceae,g__Shewanella,s__Shewanella baltica
GCF_000018765.1,d__Bacteria,p__Proteobacteria,c__Gammaproteobacteria,o__Enterobacterales,f__Shewanellaceae,g__Shewanella,s__Shewanella baltica
GCF_000017325.1,d__Bacteria,p__Proteobacteria,c__Gammaproteobacteria,o__Enterobacterales,f__Shewanellaceae,g__Shewanella,s__Shewanella baltica
GCF_900456975.1,d__Bacteria,p__Proteobacteria,c__Gammaproteobacteria,o__Enterobacterales,f__Shewanellaceae,g__Shewanella,s__Shewanella baltica
GCF_000147735.2,d__Bacteria,p__Proteobacteria,c__Gammaproteobacteria,o__Enterobacterales,f__Shewanellaceae,g__Shewanella,s__Shewanella baltica
GCF_003030925.1,d__Bacteria,p__Proteobacteria,c__Gammaproteobacteria,o__Enterobacterales,f__Shewanellaceae,g__Shewanella,s__Shewanella baltica
GCF_000015845.1,d__Bacteria,p__Proteobacteria,c__Gammaproteobacteria,o__Enterobacterales,f__Shewanellaceae,g__Shewanella,s__Shewanella baltica
GCF_001620325.1,d__Bacteria,p__Proteobacteria,c__Gammaproteobacteria,o__Enterobacterales,f__Shewanellaceae,g__Shewanella,s__Shewanella baltica
GCF_000178875.2,d__Bacteria,p__Proteobacteria,c__Gammaproteobacteria,o__Enterobacterales,f__Shewanellaceae,g__Shewanella,s__Shewanella baltica
GCF_900636855.1,d__Bacteria,p__Proteobacteria,c__Gammaproteobacteria,o__Enterobacterales,f__Shewanellaceae,g__Shewanella,s__Shewanella baltica
GCF_000215895.1,d__Bacteria,p__Proteobacteria,c__Gammaproteobacteria,o__Enterobacterales,f__Shewanellaceae,g__Shewanella,s__Shewanella baltica
GCF_000615005.1,d__Bacteria,p__Proteobacteria,c__Gammaproteobacteria,o__Enterobacterales,f__Shewanellaceae,g__Shewanella,s__Shewanella putrefaciens
GCF_001591325.1,d__Bacteria,p__Proteobacteria,c__Gammaproteobacteria,o__Enterobacterales,f__Shewanellaceae,g__Shewanella,s__Shewanella putrefaciens
GCF_900457065.1,d__Bacteria,p__Proteobacteria,c__Gammaproteobacteria,o__Enterobacterales,f__Shewanellaceae,g__Shewanella,s__Shewanella putrefaciens
GCA_902728295.2,d__Bacteria,p__Proteobacteria,c__Gammaproteobacteria,o__Enterobacterales,f__Shewanellaceae,g__Shewanella,s__Shewanella putrefaciens
GCA_014647555.1,d__Bacteria,p__Proteobacteria,c__Gammaproteobacteria,o__Enterobacterales,f__Shewanellaceae,g__Shewanella,s__Shewanella putrefaciens
GCF_009730575.1,d__Bacteria,p__Proteobacteria,c__Gammaproteobacteria,o__Enterobacterales,f__Shewanellaceae,g__Shewanella,s__Shewanella putrefaciens
GCF_000016585.1,d__Bacteria,p__Proteobacteria,c__Gammaproteobacteria,o__Enterobacterales,f__Shewanellaceae,g__Shewanella,s__Shewanella putrefaciens
GCF_003044255.1,d__Bacteria,p__Proteobacteria,c__Gammaproteobacteria,o__Enterobacterales,f__Shewanellaceae,g__Shewanella,s__Shewanella putrefaciens
GCF_000015185.1,d__Bacteria,p__Proteobacteria,c__Gammaproteobacteria,o__Enterobacterales,f__Shewanellaceae,g__Shewanella,s__Shewanella putrefaciens
GCF_000169215.2,d__Bacteria,p__Proteobacteria,c__Gammaproteobacteria,o__Enterobacterales,f__Shewanellaceae,g__Shewanella,s__Shewanella putrefaciens
GCF_007636515.1,d__Bacteria,p__Proteobacteria,c__Gammaproteobacteria,o__Enterobacterales,f__Shewanellaceae,g__Shewanella,s__Shewanella indica
GCF_001870495.1,d__Bacteria,p__Proteobacteria,c__Gammaproteobacteria,o__Enterobacterales,f__Shewanellaceae,g__Shewanella,s__Shewanella indica
GCF_010214955.1,d__Bacteria,p__Proteobacteria,c__Gammaproteobacteria,o__Enterobacterales,f__Shewanellaceae,g__Shewanella,s__Shewanella indica
GCA_014652115.1,d__Bacteria,p__Proteobacteria,c__Gammaproteobacteria,o__Enterobacterales,f__Shewanellaceae,g__Shewanella,s__Shewanella indica
GCF_000813075.1,d__Bacteria,p__Proteobacteria,c__Gammaproteobacteria,o__Enterobacterales,f__Shewanellaceae,g__Shewanella,s__Shewanella indica
GCF_002836975.1,d__Bacteria,p__Proteobacteria,c__Gammaproteobacteria,o__Enterobacterales,f__Shewanellaceae,g__Shewanella,s__Shewanella indica
GCF_002966515.1,d__Bacteria,p__Proteobacteria,c__Gammaproteobacteria,o__Enterobacterales,f__Shewanellaceae,g__Shewanella,s__Shewanella sp002966515
GCF_012584455.1,d__Bacteria,p__Proteobacteria,c__Gammaproteobacteria,o__Enterobacterales,f__Shewanellaceae,g__Shewanella,s__Shewanella sp002966515
GCF_003315425.1,d__Bacteria,p__Proteobacteria,c__Gammaproteobacteria,o__Enterobacterales,f__Shewanellaceae,g__Shewanella,s__Shewanella sp002966515
GCF_013248875.1,d__Bacteria,p__Proteobacteria,c__Gammaproteobacteria,o__Enterobacterales,f__Shewanellaceae,g__Shewanella,s__Shewanella sp002966515
GCF_013283205.1,d__Bacteria,p__Proteobacteria,c__Gammaproteobacteria,o__Enterobacterales,f__Shewanellaceae,g__Shewanella,s__Shewanella sp002966515
GCF_000519065.1,d__Bacteria,p__Proteobacteria,c__Gammaproteobacteria,o__Enterobacterales,f__Shewanellaceae,g__Shewanella,s__Shewanella sp002966515
GCF_000014705.1,d__Bacteria,p__Proteobacteria,c__Gammaproteobacteria,o__Enterobacterales,f__Shewanellaceae,g__Shewanella,s__Shewanella frigidimarina
GCF_001529365.1,d__Bacteria,p__Proteobacteria,c__Gammaproteobacteria,o__Enterobacterales,f__Shewanellaceae,g__Shewanella,s__Shewanella frigidimarina
GCF_003797125.1,d__Bacteria,p__Proteobacteria,c__Gammaproteobacteria,o__Enterobacterales,f__Shewanellaceae,g__Shewanella,s__Shewanella frigidimarina
GCF_014164215.1,d__Bacteria,p__Proteobacteria,c__Gammaproteobacteria,o__Enterobacterales,f__Shewanellaceae,g__Shewanella,s__Shewanella frigidimarina
GCF_003797845.1,d__Bacteria,p__Proteobacteria,c__Gammaproteobacteria,o__Enterobacterales,f__Shewanellaceae,g__Shewanella,s__Shewanella frigidimarina
GCA_014651975.1,d__Bacteria,p__Proteobacteria,c__Gammaproteobacteria,o__Enterobacterales,f__Shewanellaceae,g__Shewanella,s__Shewanella chilikensis
GCF_011106835.1,d__Bacteria,p__Proteobacteria,c__Gammaproteobacteria,o__Enterobacterales,f__Shewanellaceae,g__Shewanella,s__Shewanella chilikensis
GCA_003517635.1,d__Bacteria,p__Proteobacteria,c__Gammaproteobacteria,o__Enterobacterales,f__Shewanellaceae,g__Shewanella,s__Shewanella chilikensis
GCF_003217175.1,d__Bacteria,p__Proteobacteria,c__Gammaproteobacteria,o__Enterobacterales,f__Shewanellaceae,g__Shewanella,s__Shewanella chilikensis
GCF_002836945.1,d__Bacteria,p__Proteobacteria,c__Gammaproteobacteria,o__Enterobacterales,f__Shewanellaceae,g__Shewanella,s__Shewanella chilikensis
GCF_002836205.1,d__Bacteria,p__Proteobacteria,c__Gammaproteobacteria,o__Enterobacterales,f__Shewanellaceae,g__Shewanella,s__Shewanella sp002836205
GCF_002836135.1,d__Bacteria,p__Proteobacteria,c__Gammaproteobacteria,o__Enterobacterales,f__Shewanellaceae,g__Shewanella,s__Shewanella sp002836205
GCF_002836615.1,d__Bacteria,p__Proteobacteria,c__Gammaproteobacteria,o__Enterobacterales,f__Shewanellaceae,g__Shewanella,s__Shewanella sp002836205
GCF_002836075.1,d__Bacteria,p__Proteobacteria,c__Gammaproteobacteria,o__Enterobacterales,f__Shewanellaceae,g__Shewanella,s__Shewanella sp002836205
GCF_002075795.1,d__Bacteria,p__Proteobacteria,c__Gammaproteobacteria,o__Enterobacterales,f__Shewanellaceae,g__Shewanella,s__Shewanella japonica
GCF_003605145.1,d__Bacteria,p__Proteobacteria,c__Gammaproteobacteria,o__Enterobacterales,f__Shewanellaceae,g__Shewanella,s__Shewanella japonica
GCF_001675935.1,d__Bacteria,p__Proteobacteria,c__Gammaproteobacteria,o__Enterobacterales,f__Shewanellaceae,g__Shewanella,s__Shewanella japonica
GCF_001401775.1,d__Bacteria,p__Proteobacteria,c__Gammaproteobacteria,o__Enterobacterales,f__Shewanellaceae,g__Shewanella,s__Shewanella japonica
GCF_002873635.1,d__Bacteria,p__Proteobacteria,c__Gammaproteobacteria,o__Enterobacterales,f__Shewanellaceae,g__Shewanella,s__Shewanella sp002873135
GCF_002874355.1,d__Bacteria,p__Proteobacteria,c__Gammaproteobacteria,o__Enterobacterales,f__Shewanellaceae,g__Shewanella,s__Shewanella sp002873135
GCF_002873135.1,d__Bacteria,p__Proteobacteria,c__Gammaproteobacteria,o__Enterobacterales,f__Shewanellaceae,g__Shewanella,s__Shewanella sp002873135
GCF_002874545.1,d__Bacteria,p__Proteobacteria,c__Gammaproteobacteria,o__Enterobacterales,f__Shewanellaceae,g__Shewanella,s__Shewanella sp002873135
GCF_003129585.1,d__Bacteria,p__Proteobacteria,c__Gammaproteobacteria,o__Enterobacterales,f__Shewanellaceae,g__Shewanella,s__Shewanella bicestrii
GCF_900636665.1,d__Bacteria,p__Proteobacteria,c__Gammaproteobacteria,o__Enterobacterales,f__Shewanellaceae,g__Shewanella,s__Shewanella bicestrii
GCF_002216875.1,d__Bacteria,p__Proteobacteria,c__Gammaproteobacteria,o__Enterobacterales,f__Shewanellaceae,g__Shewanella,s__Shewanella bicestrii
GCF_002157365.1,d__Bacteria,p__Proteobacteria,c__Gammaproteobacteria,o__Enterobacterales,f__Shewanellaceae,g__Shewanella,s__Shewanella bicestrii
GCF_004354305.1,d__Bacteria,p__Proteobacteria,c__Gammaproteobacteria,o__Enterobacterales,f__Shewanellaceae,g__Shewanella,s__Shewanella decolorationis
GCF_000485795.1,d__Bacteria,p__Proteobacteria,c__Gammaproteobacteria,o__Enterobacterales,f__Shewanellaceae,g__Shewanella,s__Shewanella decolorationis
GCA_007923045.1,d__Bacteria,p__Proteobacteria,c__Gammaproteobacteria,o__Enterobacterales,f__Shewanellaceae,g__Shewanella,s__Shewanella decolorationis
GCF_014163715.1,d__Bacteria,p__Proteobacteria,c__Gammaproteobacteria,o__Enterobacterales,f__Shewanellaceae,g__Shewanella,s__Shewanella sp002836315
GCF_002836315.1,d__Bacteria,p__Proteobacteria,c__Gammaproteobacteria,o__Enterobacterales,f__Shewanellaceae,g__Shewanella,s__Shewanella sp002836315
GCF_010092445.1,d__Bacteria,p__Proteobacteria,c__Gammaproteobacteria,o__Enterobacterales,f__Shewanellaceae,g__Shewanella,s__Shewanella sp002836315
GCF_003028295.1,d__Bacteria,p__Proteobacteria,c__Gammaproteobacteria,o__Enterobacterales,f__Shewanellaceae,g__Shewanella,s__Shewanella morhuae
GCF_900457045.1,d__Bacteria,p__Proteobacteria,c__Gammaproteobacteria,o__Enterobacterales,f__Shewanellaceae,g__Shewanella,s__Shewanella morhuae
GCF_900156405.1,d__Bacteria,p__Proteobacteria,c__Gammaproteobacteria,o__Enterobacterales,f__Shewanellaceae,g__Shewanella,s__Shewanella morhuae
GCF_000773485.1,d__Bacteria,p__Proteobacteria,c__Gammaproteobacteria,o__Enterobacterales,f__Shewanellaceae,g__Shewanella,s__Shewanella marisflavi
GCF_006494755.1,d__Bacteria,p__Proteobacteria,c__Gammaproteobacteria,o__Enterobacterales,f__Shewanellaceae,g__Shewanella,s__Shewanella marisflavi
GCF_002215585.1,d__Bacteria,p__Proteobacteria,c__Gammaproteobacteria,o__Enterobacterales,f__Shewanellaceae,g__Shewanella,s__Shewanella marisflavi
GCF_002836275.1,d__Bacteria,p__Proteobacteria,c__Gammaproteobacteria,o__Enterobacterales,f__Shewanellaceae,g__Shewanella,s__Shewanella sp002836275
GCF_003797165.1,d__Bacteria,p__Proteobacteria,c__Gammaproteobacteria,o__Enterobacterales,f__Shewanellaceae,g__Shewanella,s__Shewanella sp002836275
GCF_003855155.1,d__Bacteria,p__Proteobacteria,c__Gammaproteobacteria,o__Enterobacterales,f__Shewanellaceae,g__Shewanella,s__Shewanella sp002836275
GCA_014648335.1,d__Bacteria,p__Proteobacteria,c__Gammaproteobacteria,o__Enterobacterales,f__Shewanellaceae,g__Shewanella,s__Shewanella litoralis
GCF_009828585.1,d__Bacteria,p__Proteobacteria,c__Gammaproteobacteria,o__Enterobacterales,f__Shewanellaceae,g__Shewanella,s__Shewanella litoralis
GCF_007636505.1,d__Bacteria,p__Proteobacteria,c__Gammaproteobacteria,o__Enterobacterales,f__Shewanellaceae,g__Shewanella,s__Shewanella loihica
GCF_000016065.1,d__Bacteria,p__Proteobacteria,c__Gammaproteobacteria,o__Enterobacterales,f__Shewanellaceae,g__Shewanella,s__Shewanella loihica
GCF_000014685.1,d__Bacteria,p__Proteobacteria,c__Gammaproteobacteria,o__Enterobacterales,f__Shewanellaceae,g__Shewanella,s__Shewanella sp000014665
GCF_000014665.1,d__Bacteria,p__Proteobacteria,c__Gammaproteobacteria,o__Enterobacterales,f__Shewanellaceae,g__Shewanella,s__Shewanella sp000014665
GCA_014644375.1,d__Bacteria,p__Proteobacteria,c__Gammaproteobacteria,o__Enterobacterales,f__Shewanellaceae,g__Shewanella,s__Shewanella carassii
GCF_002777975.1,d__Bacteria,p__Proteobacteria,c__Gammaproteobacteria,o__Enterobacterales,f__Shewanellaceae,g__Shewanella,s__Shewanella carassii
GCA_014651955.1,d__Bacteria,p__Proteobacteria,c__Gammaproteobacteria,o__Enterobacterales,f__Shewanellaceae,g__Shewanella,s__Shewanella fodinae
GCF_004342405.1,d__Bacteria,p__Proteobacteria,c__Gammaproteobacteria,o__Enterobacterales,f__Shewanellaceae,g__Shewanella,s__Shewanella fodinae
GCF_004295345.1,d__Bacteria,p__Proteobacteria,c__Gammaproteobacteria,o__Enterobacterales,f__Shewanellaceae,g__Shewanella,s__Shewanella maritima
GCF_012263345.1,d__Bacteria,p__Proteobacteria,c__Gammaproteobacteria,o__Enterobacterales,f__Shewanellaceae,g__Shewanella,s__Shewanella maritima
GCF_000518705.1,d__Bacteria,p__Proteobacteria,c__Gammaproteobacteria,o__Enterobacterales,f__Shewanellaceae,g__Shewanella,s__Shewanella colwelliana
GCF_001735525.1,d__Bacteria,p__Proteobacteria,c__Gammaproteobacteria,o__Enterobacterales,f__Shewanellaceae,g__Shewanella,s__Shewanella colwelliana
GCF_013394145.1,d__Bacteria,p__Proteobacteria,c__Gammaproteobacteria,o__Enterobacterales,f__Shewanellaceae,g__Shewanella,s__Shewanella waksmanii
GCF_000518805.1,d__Bacteria,p__Proteobacteria,c__Gammaproteobacteria,o__Enterobacterales,f__Shewanellaceae,g__Shewanella,s__Shewanella waksmanii
GCF_002196695.1,d__Bacteria,p__Proteobacteria,c__Gammaproteobacteria,o__Enterobacterales,f__Shewanellaceae,g__Shewanella,s__Shewanella sp000203935
GCF_000203935.1,d__Bacteria,p__Proteobacteria,c__Gammaproteobacteria,o__Enterobacterales,f__Shewanellaceae,g__Shewanella,s__Shewanella sp000203935
GCF_006385555.1,d__Bacteria,p__Proteobacteria,c__Gammaproteobacteria,o__Enterobacterales,f__Shewanellaceae,g__Shewanella,s__Shewanella polaris
GCF_005234075.1,d__Bacteria,p__Proteobacteria,c__Gammaproteobacteria,o__Enterobacterales,f__Shewanellaceae,g__Shewanella,s__Shewanella polaris
GCF_007197555.1,d__Bacteria,p__Proteobacteria,c__Gammaproteobacteria,o__Enterobacterales,f__Shewanellaceae,g__Shewanella,s__Shewanella sp007197555
GCF_009377275.1,d__Bacteria,p__Proteobacteria,c__Gammaproteobacteria,o__Enterobacterales,f__Shewanellaceae,g__Shewanella,s__Shewanella sp007197555
GCF_900380485.1,d__Bacteria,p__Proteobacteria,c__Gammaproteobacteria,o__Enterobacterales,f__Shewanellaceae,g__Shewanella,s__Shewanella algidipiscicola
GCF_003605125.1,d__Bacteria,p__Proteobacteria,c__Gammaproteobacteria,o__Enterobacterales,f__Shewanellaceae,g__Shewanella,s__Shewanella algidipiscicola
GCF_007197645.1,d__Bacteria,p__Proteobacteria,c__Gammaproteobacteria,o__Enterobacterales,f__Shewanellaceae,g__Shewanella,s__Shewanella hanedai
GCA_014647575.1,d__Bacteria,p__Proteobacteria,c__Gammaproteobacteria,o__Enterobacterales,f__Shewanellaceae,g__Shewanella,s__Shewanella hanedai
GCF_013267215.1,d__Bacteria,p__Proteobacteria,c__Gammaproteobacteria,o__Enterobacterales,f__Shewanellaceae,g__Shewanella,s__Shewanella oneidensis
GCF_000146165.2,d__Bacteria,p__Proteobacteria,c__Gammaproteobacteria,o__Enterobacterales,f__Shewanellaceae,g__Shewanella,s__Shewanella oneidensis
GCF_000019525.1,d__Bacteria,p__Proteobacteria,c__Gammaproteobacteria,o__Enterobacterales,f__Shewanellaceae,g__Shewanella,s__Shewanella woodyi
GCF_900079515.1,d__Bacteria,p__Proteobacteria,c__Gammaproteobacteria,o__Enterobacterales,f__Shewanellaceae,g__Shewanella,s__Shewanella woodyi
GCF_000172075.1,d__Bacteria,p__Proteobacteria,c__Gammaproteobacteria,o__Enterobacterales,f__Shewanellaceae,g__Shewanella,s__Shewanella benthica
GCF_900476435.1,d__Bacteria,p__Proteobacteria,c__Gammaproteobacteria,o__Enterobacterales,f__Shewanellaceae,g__Shewanella,s__Shewanella benthica
GCF_003112715.1,d__Bacteria,p__Proteobacteria,c__Gammaproteobacteria,o__Enterobacterales,f__Shewanellaceae,g__Shewanella,s__Shewanella fidelis
GCF_000518605.1,d__Bacteria,p__Proteobacteria,c__Gammaproteobacteria,o__Enterobacterales,f__Shewanellaceae,g__Shewanella,s__Shewanella fidelis
GCA_014641855.1,d__Bacteria,p__Proteobacteria,c__Gammaproteobacteria,o__Enterobacterales,f__Shewanellaceae,g__Shewanella,s__Shewanella inventionis
GCA_014648295.1,d__Bacteria,p__Proteobacteria,c__Gammaproteobacteria,o__Enterobacterales,f__Shewanellaceae,g__Shewanella,s__Shewanella saliphila
GCF_001957125.1,d__Bacteria,p__Proteobacteria,c__Gammaproteobacteria,o__Enterobacterales,f__Shewanellaceae,g__Shewanella,s__Shewanella sp001957125
GCF_000013765.1,d__Bacteria,p__Proteobacteria,c__Gammaproteobacteria,o__Enterobacterales,f__Shewanellaceae,g__Shewanella,s__Shewanella denitrificans
GCF_006494715.1,d__Bacteria,p__Proteobacteria,c__Gammaproteobacteria,o__Enterobacterales,f__Shewanellaceae,g__Shewanella,s__Shewanella sp006494715
GCF_003966265.1,d__Bacteria,p__Proteobacteria,c__Gammaproteobacteria,o__Enterobacterales,f__Shewanellaceae,g__Shewanella,s__Shewanella atlantica
GCA_014648035.1,d__Bacteria,p__Proteobacteria,c__Gammaproteobacteria,o__Enterobacterales,f__Shewanellaceae,g__Shewanella,s__Shewanella algicola
GCF_000014885.1,d__Bacteria,p__Proteobacteria,c__Gammaproteobacteria,o__Enterobacterales,f__Shewanellaceae,g__Shewanella,s__Shewanella piezotolerans
GCF_009647595.1,d__Bacteria,p__Proteobacteria,c__Gammaproteobacteria,o__Enterobacterales,f__Shewanellaceae,g__Shewanella,s__Shewanella sp009647595
GCA_002783505.1,d__Bacteria,p__Proteobacteria,c__Gammaproteobacteria,o__Enterobacterales,f__Shewanellaceae,g__Shewanella,s__Shewanella sp002783505
GCF_000015245.1,d__Bacteria,p__Proteobacteria,c__Gammaproteobacteria,o__Enterobacterales,f__Shewanellaceae,g__Shewanella,s__Shewanella amazonensis
GCA_014648315.1,d__Bacteria,p__Proteobacteria,c__Gammaproteobacteria,o__Enterobacterales,f__Shewanellaceae,g__Shewanella,s__Shewanella ulleungensis
GCF_000018285.1,d__Bacteria,p__Proteobacteria,c__Gammaproteobacteria,o__Enterobacterales,f__Shewanellaceae,g__Shewanella,s__Shewanella pealeana
GCF_003966225.1,d__Bacteria,p__Proteobacteria,c__Gammaproteobacteria,o__Enterobacterales,f__Shewanellaceae,g__Shewanella,s__Shewanella canadensis
GCF_003855395.1,d__Bacteria,p__Proteobacteria,c__Gammaproteobacteria,o__Enterobacterales,f__Shewanellaceae,g__Shewanella,s__Shewanella livingstonensis
GCF_000832025.1,d__Bacteria,p__Proteobacteria,c__Gammaproteobacteria,o__Enterobacterales,f__Shewanellaceae,g__Shewanella,s__Shewanella sp000832025
GCF_002873615.1,d__Bacteria,p__Proteobacteria,c__Gammaproteobacteria,o__Enterobacterales,f__Shewanellaceae,g__Shewanella,s__Shewanella sp002873615
GCF_009663145.1,d__Bacteria,p__Proteobacteria,c__Gammaproteobacteria,o__Enterobacterales,f__Shewanellaceae,g__Shewanella,s__Shewanella sp009663145
GCF_002838165.1,d__Bacteria,p__Proteobacteria,c__Gammaproteobacteria,o__Enterobacterales,f__Shewanellaceae,g__Shewanella,s__Shewanella sp002838165
GCA_014647855.1,d__Bacteria,p__Proteobacteria,c__Gammaproteobacteria,o__Enterobacterales,f__Shewanellaceae,g__Shewanella,s__Shewanella gelidii
GCF_001957135.1,d__Bacteria,p__Proteobacteria,c__Gammaproteobacteria,o__Enterobacterales,f__Shewanellaceae,g__Shewanella,s__Shewanella sp001957135
GCF_000018025.1,d__Bacteria,p__Proteobacteria,c__Gammaproteobacteria,o__Enterobacterales,f__Shewanellaceae,g__Shewanella,s__Shewanella sediminis
GCF_007567505.1,d__Bacteria,p__Proteobacteria,c__Gammaproteobacteria,o__Enterobacterales,f__Shewanellaceae,g__Shewanella,s__Shewanella donghaensis
GCF_014163735.1,d__Bacteria,p__Proteobacteria,c__Gammaproteobacteria,o__Enterobacterales,f__Shewanellaceae,g__Shewanella,s__Shewanella sp014163735
GCF_011765625.1,d__Bacteria,p__Proteobacteria,c__Gammaproteobacteria,o__Enterobacterales,f__Shewanellaceae,g__Shewanella,s__Shewanella aestuarii_A
GCF_003353085.1,d__Bacteria,p__Proteobacteria,c__Gammaproteobacteria,o__Enterobacterales,f__Shewanellaceae,g__Shewanella,s__Shewanella corallii
GCA_013214165.1,d__Bacteria,p__Proteobacteria,c__Gammaproteobacteria,o__Enterobacterales,f__Shewanellaceae,g__Shewanella,s__Shewanella sp013214165
GCF_007004545.1,d__Bacteria,p__Proteobacteria,c__Gammaproteobacteria,o__Enterobacterales,f__Shewanellaceae,g__Shewanella,s__Shewanella sp007004545
GCF_000091325.1,d__Bacteria,p__Proteobacteria,c__Gammaproteobacteria,o__Enterobacterales,f__Shewanellaceae,g__Shewanella,s__Shewanella violacea
GCF_014164505.1,d__Bacteria,p__Proteobacteria,c__Gammaproteobacteria,o__Enterobacterales,f__Shewanellaceae,g__Shewanella,s__Shewanella sp014164505
GCF_013248905.1,d__Bacteria,p__Proteobacteria,c__Gammaproteobacteria,o__Enterobacterales,f__Shewanellaceae,g__Shewanella,s__Shewanella sp013248905
GCF_003957745.1,d__Bacteria,p__Proteobacteria,c__Gammaproteobacteria,o__Enterobacterales,f__Shewanellaceae,g__Shewanella,s__Shewanella khirikhana
GCF_000614975.1,d__Bacteria,p__Proteobacteria,c__Gammaproteobacteria,o__Enterobacterales,f__Shewanellaceae,g__Shewanella,s__Shewanella marina
GCF_012911865.1,d__Bacteria,p__Proteobacteria,c__Gammaproteobacteria,o__Enterobacterales,f__Shewanellaceae,g__Shewanella,s__Shewanella sp012911865
GCF_009831655.1,d__Bacteria,p__Proteobacteria,c__Gammaproteobacteria,o__Enterobacterales,f__Shewanellaceae,g__Shewanella,s__Shewanella insulae
GCF_000753795.1,d__Bacteria,p__Proteobacteria,c__Gammaproteobacteria,o__Enterobacterales,f__Shewanellaceae,g__Shewanella,s__Shewanella mangrovi
GCF_000217915.1,d__Bacteria,p__Proteobacteria,c__Gammaproteobacteria,o__Enterobacterales,f__Shewanellaceae,g__Shewanella,s__Shewanella sp000217915
GCA_014647215.1,d__Bacteria,p__Proteobacteria,c__Gammaproteobacteria,o__Enterobacterales,f__Shewanellaceae,g__Shewanella,s__Shewanella aestuarii
GCF_002005305.1,d__Bacteria,p__Proteobacteria,c__Gammaproteobacteria,o__Enterobacterales,f__Shewanellaceae,g__Shewanella,s__Shewanella psychrophila
GCF_000019185.1,d__Bacteria,p__Proteobacteria,c__Gammaproteobacteria,o__Enterobacterales,f__Shewanellaceae,g__Shewanella,s__Shewanella halifaxensis
